handle,revenue,hold,taxes/jurisdiction_revenue,state,month,year
291212868,31238322,0.11,31393,Arizona,09,2021
486097352,36326542,0.07,1022841,Arizona,10,2021
466725687,51416143,0.11,3177148,Arizona,11,2021
499213733,39822928,0.08,1723902,Arizona,12,2021
563694591,41890200,0.07,1952971,Arizona,01,2022
491665554,25629835,0.05,670686,Arizona,02,2022
690979294,37231646,0.05,1864457,Arizona,03,2022
512877848,29249275,0.06,1647450,Arizona,04,2022
461450688,55162888,0.12,4125125,Arizona,05,2022
318774198,15369245,0.05,766831,Arizona,06,2022
290511533,21992628,0.08,1496427,Arizona,07,2022
361008835,37161759,0.1,2767590,Arizona,08,2022
537966149,56428816,0.1,3058838,Arizona,09,2022
416160,76885,0.18,9995,Arkansas,07,2019
778249,58858,0.08,7652,Arkansas,08,2019
2252196,183044,0.08,23796,Arkansas,09,2019
2216369,380006,0.17,49401,Arkansas,10,2019
2978235,181497,0.06,23595,Arkansas,11,2019
2633806,455368,0.17,59198,Arkansas,12,2019
2587732,254811,0.1,33263,Arkansas,01,2020
4294366,411589,0.1,67494,Arkansas,02,2020
1588403,222373,0.14,38310,Arkansas,03,2020
2147777,205799,0.1,33747,Arkansas,04,2020
509,-115000,-225.93,-15,Arkansas,05,2020
1189,10,0.01,1,Arkansas,06,2020
179315,-19633,-0.11,-2552,Arkansas,07,2020
1008992,69625,0.07,9051,Arkansas,08,2020
3958748,397095,0.1,51622,Arkansas,09,2020
6559859,940514,0.14,122267,Arkansas,10,2020
6288249,975984,0.16,126878,Arkansas,11,2020
6415446,1054272,0.16,137055,Arkansas,12,2020
7187194,1388258,0.19,180474,Arkansas,01,2021
4469442,655356,0.15,92922,Arkansas,02,2021
5947427,807091,0.14,130877,Arkansas,03,2021
4065703,761536,0.19,131137,Arkansas,04,2021
3687207,498325,0.14,81710,Arkansas,05,2021
3895683,359000,0.09,59088,Arkansas,06,2021
2908833,449040,0.15,58375,Arkansas,07,2021
2892285,310481,0.11,40363,Arkansas,08,2021
7007774,809404,0.12,105223,Arkansas,09,2021
9506183,803557,0.08,104464,Arkansas,10,2021
8380191,1623435,0.19,211047,Arkansas,11,2021
7794292,47599,0.01,6188,Arkansas,12,2021
8415932,1181335,0.14,153574,Arkansas,01,2022
5876444,331001,0.06,61390,Arkansas,02,2022
10686501,791848,0.07,119671,Arkansas,03,2022
8598226,749811,0.09,120297,Arkansas,04,2022
10185647,583015,0.06,117426,Arkansas,05,2022
12632207,4045,0.0,12598,Arkansas,06,2022
9290467,854436,0.09,85172,Arkansas,07,2022
10195911,1015340,0.1,94992,Arkansas,08,2022
21185547,3208032,0.15,417044,Arkansas,09,2022
26879107,2793719,0.1,363184,Arkansas,10,2022
25621762,2565729,0.1,96538,Colorado,05,2020
38136949,3484014,0.09,217023,Colorado,06,2020
59183620,5196599,0.09,241867,Colorado,07,2020
128646209,7519599,0.06,189462,Colorado,08,2020
207655943,4166334,0.02,69772,Colorado,09,2020
210719821,17402409,0.08,824700,Colorado,10,2020
231238842,18354655,0.08,793820,Colorado,11,2020
284551472,17151867,0.06,531490,Colorado,12,2020
326903462,23144535,0.07,1195774,Colorado,01,2021
266549207,10444810,0.04,332227,Colorado,02,2021
300990842,20365119,0.07,1060854,Colorado,03,2021
244446760,17563939,0.07,1082611,Colorado,04,2021
248968193,15154761,0.06,635641,Colorado,05,2021
229764688,19730957,0.09,1186455,Colorado,06,2021
181327995,15652461,0.09,999111,Colorado,07,2021
211918185,15228343,0.07,726366,Colorado,08,2021
408314625,22658630,0.06,483048,Colorado,09,2021
491453342,28616708,0.06,1246804,Colorado,10,2021
475441229,36781848,0.08,1981640,Colorado,11,2021
461448574,24732497,0.05,770370,Colorado,12,2021
573720213,34640219,0.06,1447952,Colorado,01,2022
440508421,19604490,0.04,314731,Colorado,02,2022
505611080,28238194,0.06,1313076,Colorado,03,2022
392311737,22571887,0.06,1231742,Colorado,04,2022
360325438,27119329,0.08,1659189,Colorado,05,2022
313215081,6781092,0.02,268280,Colorado,06,2022
258414808,20802881,0.08,1092162,Colorado,07,2022
290107970,25859270,0.09,1822104,Colorado,08,2022
450232597,51339659,0.11,2989342,Colorado,09,2022
526619777,36514974,0.07,2330705,Colorado,10,2022
54641474,4903171,0.09,483704,Connecticut,10,2021
131729179,16655205,0.13,596018,Connecticut,11,2021
150073755,8879733,0.06,929336,Connecticut,12,2021
158092481,11187162,0.07,1142510,Connecticut,01,2022
115619953,4749489,0.04,501516,Connecticut,02,2022
140747137,9785420,0.07,1037570,Connecticut,03,2022
116465199,9235020,0.08,988263,Connecticut,04,2022
115180155,9353193,0.08,981304,Connecticut,05,2022
95421852,6615570,0.07,669453,Connecticut,06,2022
78316775,7552734,0.1,859094,Connecticut,07,2022
80037045,9896264,0.12,1153125,Connecticut,08,2022
130547719,16676506,0.13,1777391,Connecticut,09,2022
164170106,15499673,0.09,1736473,Connecticut,10,2022
7003725,875216,0.12,437609,Delaware,06,2018
8214765,461226,0.06,230614,Delaware,07,2018
8018354,822737,0.1,457984,Delaware,08,2018
23257965,5971961,0.26,4118974,Delaware,09,2018
21231427,1640593,0.08,1299481,Delaware,10,2018
24206090,1608337,0.07,998477,Delaware,11,2018
23419539,4272221,0.18,2989387,Delaware,12,2018
14130069,2094840,0.15,1311863,Delaware,01,2019
8709205,-475771,-0.05,-438047,Delaware,02,2019
10483128,1643043,0.16,821072,Delaware,03,2019
6088183,614839,0.1,307046,Delaware,04,2019
5920766,405295,0.07,202247,Delaware,05,2019
6325464,466018,0.07,232733,Delaware,06,2019
3920974,507199,0.13,253516,Delaware,07,2019
4745747,493106,0.1,241770,Delaware,08,2019
18781406,4425640,0.24,3123828,Delaware,09,2019
16066023,3388776,0.21,2358625,Delaware,10,2019
16850854,3014648,0.18,2167507,Delaware,11,2019
20466561,2972118,0.15,2032440,Delaware,12,2019
11187011,1995980,0.18,1190481,Delaware,01,2020
7279650,-303120,-0.04,-337668,Delaware,02,2020
3877068,570442,0.15,284802,Delaware,03,2020
209282,12114,0.06,6058,Delaware,07,2020
2957634,367116,0.12,183559,Delaware,08,2020
12439302,1972198,0.16,1402669,Delaware,09,2020
17086034,3483045,0.2,2534638,Delaware,10,2020
19510093,5901515,0.3,4437584,Delaware,11,2020
15696681,3097115,0.2,2341189,Delaware,12,2020
15649254,2491097,0.16,1553487,Delaware,01,2021
7519710,595680,0.08,254200,Delaware,02,2021
6666115,965419,0.14,482174,Delaware,03,2021
5470520,894231,0.16,446688,Delaware,04,2021
7060911,677441,0.1,338232,Delaware,05,2021
5958137,644366,0.11,321634,Delaware,06,2021
4110581,633084,0.15,316107,Delaware,07,2021
5251471,453642,0.09,224174,Delaware,08,2021
13702755,3202534,0.23,2341630,Delaware,09,2021
22238321,3102694,0.14,2319322,Delaware,10,2021
15567067,4567120,0.29,3391917,Delaware,11,2021
12638955,-968520,-0.08,-992897,Delaware,12,2021
12637103,1914283,0.15,1418276,Delaware,01,2022
5435407,54281,0.01,9544,Delaware,02,2022
5157583,552033,0.11,55522,Delaware,03,2022
4200298,313266,0.07,66638,Delaware,04,2022
5127275,494697,0.1,264955,Delaware,05,2022
3507846,211921,0.06,105622,Delaware,06,2022
2678686,438549,0.16,191432,Delaware,07,2022
2902652,429732,0.15,191634,Delaware,08,2022
8948981,2785652,0.31,2144155,Delaware,09,2022
13545163,2463694,0.18,1841226,Delaware,10,2022
10172819,1530355,0.15,1119178,Delaware,11,2022
997739,72028,0.07,12242,Illinois,03,2020
31348819,2577170,0.08,852400,Illinois,04,2020
31348819,2577170,0.08,852400,Illinois,05,2020
8281803,368651,0.04,59446,Illinois,06,2020
52524820,3623985,0.07,585623,Illinois,07,2020
140065649,7233360,0.05,1176754,Illinois,08,2020
305222938,6837289,0.02,1107906,Illinois,09,2020
434567103,42200300,0.1,6807284,Illinois,10,2020
449239162,41286027,0.09,6618259,Illinois,11,2020
491720536,23873152,0.05,3823629,Illinois,12,2020
581553300,47945298,0.08,7670847,Illinois,01,2021
509794592,35393768,0.07,5850897,Illinois,02,2021
633614957,44317702,0.07,6647655,Illinois,03,2021
537158723,43605926,0.08,7068029,Illinois,04,2021
507279761,36230990,0.07,5854318,Illinois,05,2021
476517309,48187783,0.1,7684748,Illinois,06,2021
369134820,37292354,0.1,5641739,Illinois,07,2021
400359760,26849155,0.07,4380802,Illinois,08,2021
596455694,44579564,0.07,6450627,Illinois,09,2021
840440436,48316644,0.06,8459764,Illinois,10,2021
779853367,78227189,0.1,12693515,Illinois,11,2021
789600348,36677208,0.05,5436664,Illinois,12,2021
867505495,59343378,0.07,10687455,Illinois,01,2022
679374199,35600085,0.05,5774214,Illinois,02,2022
971278389,60629327,0.06,9865117,Illinois,03,2022
839386882,70462360,0.08,11321487,Illinois,04,2022
764591757,67466567,0.09,10910011,Illinois,05,2022
628459522,40866946,0.07,6685826,Illinois,06,2022
516414719,46080136,0.09,7452992,Illinois,07,2022
564837409,47788940,0.08,7739911,Illinois,08,2022
831805990,78416646,0.09,12667631,Illinois,09,2022
1029560184,102088548,0.1,16475576,Illinois,10,2022
35215416,8558974,0.24,813103,Indiana,09,2019
91697393,11538533,0.13,1096161,Indiana,10,2019
147276912,10593321,0.07,1006365,Indiana,11,2019
161808924,12068114,0.07,1146471,Indiana,12,2019
171049250,12223222,0.07,1161206,Indiana,01,2020
187186221,10381954,0.06,986286,Indiana,02,2020
74818802,5495640,0.07,522085,Indiana,03,2020
26304128,1559884,0.06,148189,Indiana,04,2020
37334940,3179968,0.09,302097,Indiana,05,2020
29783580,2922108,0.1,277601,Indiana,06,2020
70876622,6658465,0.09,632554,Indiana,07,2020
169018238,9834881,0.06,934314,Indiana,08,2020
207450106,14283702,0.07,1356952,Indiana,09,2020
230932251,21098460,0.09,2004354,Indiana,10,2020
251403994,25332120,0.1,2406551,Indiana,11,2020
313112474,24306695,0.08,2309136,Indiana,12,2020
348244676,29330069,0.08,2786357,Indiana,01,2021
273893073,16955904,0.06,1610811,Indiana,02,2021
316717762,26350639,0.08,2503311,Indiana,03,2021
236403308,20079176,0.08,1907522,Indiana,04,2021
254445226,18853192,0.07,1791053,Indiana,05,2021
246321671,25464800,0.1,2419156,Indiana,06,2021
194492669,17453179,0.09,1658052,Indiana,07,2021
215636824,16537681,0.08,1571080,Indiana,08,2021
355425184,33878239,0.1,3218433,Indiana,09,2021
461131242,27683035,0.06,2629888,Indiana,10,2021
463684739,47654492,0.1,4527177,Indiana,11,2021
463015613,25772428,0.06,2448381,Indiana,12,2021
500138648,35572355,0.07,3379374,Indiana,01,2022
409109104,16958339,0.04,1611042,Indiana,02,2022
476802783,32275331,0.07,3066156,Indiana,03,2022
360023255,28657433,0.08,2722456,Indiana,04,2022
308385687,30659025,0.1,2912607,Indiana,05,2022
256307260,15765954,0.06,1497766,Indiana,06,2022
206627688,20888412,0.1,1984399,Indiana,07,2022
237990176,25448278,0.11,2417586,Indiana,08,2022
382507081,51173154,0.13,4861450,Indiana,09,2022
446248394,46932575,0.11,4458595,Indiana,10,2022
452318954,39971908,0.09,3797331,Indiana,11,2022
8756246,2161688,0.25,145914,Iowa,08,2019
38528921,4956347,0.13,334553,Iowa,09,2019
46500443,5658243,0.12,381931,Iowa,10,2019
59344806,3599750,0.06,242983,Iowa,11,2019
59258838,2904257,0.05,196037,Iowa,12,2019
58027141,3234794,0.06,218349,Iowa,01,2020
56920783,755334,0.01,50985,Iowa,02,2020
19576985,1171164,0.06,79171,Iowa,03,2020
1568497,150331,0.1,9502,Iowa,04,2020
6976637,501062,0.07,32111,Iowa,05,2020
12711201,620740,0.05,42033,Iowa,06,2020
22859622,2244021,0.1,151919,Iowa,07,2020
50313674,3003903,0.06,202316,Iowa,08,2020
72397241,5167819,0.07,348828,Iowa,09,2020
81902416,9098995,0.11,612967,Iowa,10,2020
87169919,8144096,0.09,549726,Iowa,11,2020
104815630,7537004,0.07,508748,Iowa,12,2020
149524789,11343303,0.08,765673,Iowa,01,2021
143615170,7708148,0.05,520444,Iowa,02,2021
161439561,13454158,0.08,908011,Iowa,03,2021
118355535,7725272,0.07,521455,Iowa,04,2021
114882963,6133477,0.05,414175,Iowa,05,2021
111176671,8424699,0.08,568502,Iowa,06,2021
88963377,7097826,0.08,479479,Iowa,07,2021
108417527,6604647,0.06,486608,Iowa,08,2021
210434586,5716038,0.03,512951,Iowa,09,2021
280899986,6556218,0.02,514642,Iowa,10,2021
287247116,19746266,0.07,2063733,Iowa,11,2021
266518049,13371197,0.05,957637,Iowa,12,2021
303327688,14269557,0.05,964525,Iowa,01,2022
215921313,8579100,0.04,593540,Iowa,02,2022
233525474,14411046,0.06,972991,Iowa,03,2022
177370317,12398243,0.07,838174,Iowa,04,2022
147913284,12630387,0.09,850598,Iowa,05,2022
122437950,6568678,0.05,446594,Iowa,06,2022
108556796,11173191,0.1,754292,Iowa,07,2022
122568313,14418923,0.12,969968,Iowa,08,2022
200230741,25417557,0.13,1716452,Iowa,09,2022
238788234,19137523,0.08,1293702,Iowa,10,2022
247476284,5802261,0.02,1197202,Iowa,11,2022
160527371,1296184,0.01,129618,Kansas,09,2022
189919311,1438196,0.01,141088,Kansas,10,2022
186353708,8002730,0.04,795784,Kansas,11,2022
27871038,5685706,0.2,568571,Louisiana,11,2021
39517545,4380700,0.11,438070,Louisiana,12,2021
89757060,-3703347,-0.04,533259,Louisiana,01,2022
238413596,17294691,0.07,2354846,Louisiana,02,2022
232730341,30140818,0.13,3413595,Louisiana,03,2022
208255060,5607428,0.03,2573658,Louisiana,04,2022
171135819,25327007,0.15,2725138,Louisiana,05,2022
132438215,10694279,0.08,1424413,Louisiana,06,2022
118522225,20848982,0.18,2447185,Louisiana,07,2022
128251857,9460039,0.07,1774343,Louisiana,08,2022
207501595,31894674,0.15,3870435,Louisiana,09,2022
255528321,30243842,0.12,4305414,Louisiana,10,2022
268638967,-25622399,-0.1,4244196,Louisiana,11,2022
16552430,3170000,0.19,469297,Maryland,12,2021
32580831,4375316,0.13,644098,Maryland,01,2022
25526148,955377,0.04,134628,Maryland,02,2022
32025892,3927573,0.12,577019,Maryland,03,2022
26908845,2838501,0.11,415801,Maryland,04,2022
23095542,3077031,0.13,452897,Maryland,05,2022
19121331,1309834,0.07,189323,Maryland,06,2022
15492757,2026548,0.13,298177,Maryland,07,2022
18650802,3185601,0.17,477840,Maryland,08,2022
31376072,6562053,0.21,984308,Maryland,09,2022
39663586,5210947,0.13,781642,Maryland,10,2022
219071374,30620539,0.14,704728,Maryland,11,2022
593956,105548,0.18,8866,Michigan,03,2020
126287651,17498473,0.14,536173,Michigan,04,2020
126287651,17498473,0.14,536173,Michigan,05,2020
126287651,17498473,0.14,536173,Michigan,06,2020
126287651,17498473,0.14,536173,Michigan,07,2020
15744256,1977052,0.13,166072,Michigan,08,2020
33503929,4376407,0.13,367618,Michigan,09,2020
46120824,7596972,0.16,638146,Michigan,10,2020
25080140,2337638,0.09,196362,Michigan,11,2020
9720393,1883240,0.19,158192,Michigan,12,2020
150849896,17423564,0.12,452998,Michigan,01,2021
325569037,9395302,0.03,151884,Michigan,02,2021
383691892,35238593,0.09,785423,Michigan,03,2021
274212630,21922961,0.08,442397,Michigan,04,2021
257748035,21228714,0.08,762032,Michigan,05,2021
259504202,27244793,0.1,1120432,Michigan,06,2021
206267088,20766255,0.1,808027,Michigan,07,2021
208565955,17537778,0.08,679308,Michigan,08,2021
386780231,27138074,0.07,717728,Michigan,09,2021
497565425,26949853,0.05,775077,Michigan,10,2021
500521376,58448729,0.12,1966646,Michigan,11,2021
514630536,35870437,0.07,843617,Michigan,12,2021
532681710,36608569,0.07,1539045,Michigan,01,2022
423768381,21633471,0.05,360354,Michigan,02,2022
477967947,32445133,0.07,967314,Michigan,03,2022
396009819,32630491,0.08,1101198,Michigan,04,2022
356130390,35920231,0.1,1298224,Michigan,05,2022
292389429,15826610,0.05,368515,Michigan,06,2022
224966256,22874582,0.1,921101,Michigan,07,2022
229797476,25654849,0.11,1129300,Michigan,08,2022
383102602,50442748,0.13,1842006,Michigan,09,2022
504336507,51362299,0.1,2119396,Michigan,10,2022
498118043,42758230,0.09,1730400,Michigan,11,2022
6270128,645057,0.1,77407,Mississippi,08,2018
31770270,5503793,0.17,660455,Mississippi,09,2018
32837334,1178343,0.04,141401,Mississippi,10,2018
44499883,1674250,0.04,200910,Mississippi,11,2018
41762048,6174224,0.15,740907,Mississippi,12,2018
35190774,2793238,0.08,335189,Mississippi,01,2019
25148135,2756439,0.11,330773,Mississippi,02,2019
32421264,4898726,0.15,587847,Mississippi,03,2019
19188763,2057834,0.11,246940,Mississippi,04,2019
17438288,1191967,0.07,143036,Mississippi,05,2019
15190666,1625113,0.11,195014,Mississippi,06,2019
13383383,1053776,0.08,126453,Mississippi,07,2019
19876370,2884348,0.15,346122,Mississippi,08,2019
37870989,5631583,0.15,675790,Mississippi,09,2019
48019481,12295357,0.26,1475443,Mississippi,10,2019
56369036,3784071,0.07,454088,Mississippi,11,2019
49076433,3478919,0.07,417470,Mississippi,12,2019
45190371,4637967,0.1,556556,Mississippi,01,2020
34462821,2105780,0.06,252694,Mississippi,02,2020
10749403,648647,0.06,77838,Mississippi,03,2020
236503,87697,0.37,10524,Mississippi,05,2020
1575859,-62231,-0.04,0,Mississippi,06,2020
7916665,1335763,0.17,160292,Mississippi,07,2020
40489135,3748732,0.09,449848,Mississippi,08,2020
52220289,6598931,0.13,791872,Mississippi,09,2020
61192425,8769600,0.14,1052352,Mississippi,10,2020
54443370,8108102,0.15,972972,Mississippi,11,2020
55298807,7762542,0.14,931505,Mississippi,12,2020
67707628,9114483,0.13,1093738,Mississippi,01,2021
47807574,4606840,0.1,552821,Mississippi,02,2021
50546886,5237031,0.1,628444,Mississippi,03,2021
32917836,4300968,0.13,516116,Mississippi,04,2021
36125896,3888299,0.11,466596,Mississippi,05,2021
43099180,3194317,0.07,383318,Mississippi,06,2021
30659426,2887695,0.09,346523,Mississippi,07,2021
21436948,1886405,0.09,226369,Mississippi,08,2021
54835753,8846121,0.16,1061535,Mississippi,09,2021
83527015,9146353,0.11,1097562,Mississippi,10,2021
60582141,9520846,0.16,1142502,Mississippi,11,2021
56839743,3238730,0.06,388648,Mississippi,12,2021
66523295,6521389,0.1,782567,Mississippi,01,2022
40871618,1887995,0.05,226559,Mississippi,02,2022
47889213,4042232,0.08,485092,Mississippi,03,2022
35503585,4209290,0.12,505115,Mississippi,04,2022
29233786,4006359,0.14,480763,Mississippi,05,2022
25096238,2082091,0.08,249851,Mississippi,06,2022
18296341,2527212,0.14,303265,Mississippi,07,2022
21234898,2687465,0.13,322496,Mississippi,08,2022
43139311,8779943,0.2,1053593,Mississippi,09,2022
56199189,7687183,0.14,922462,Mississippi,10,2022
8051,3130,0.39,266,Montana,03,2020
434,-289,-0.67,-24,Montana,04,2020
113283,30502,0.27,2592,Montana,05,2020
346600,68714,0.2,5840,Montana,06,2020
1550000,171000,0.11,14535,Montana,07,2020
2610000,241000,0.09,20485,Montana,08,2020
2450000,303000,0.12,25755,Montana,09,2020
2930000,491000,0.17,41735,Montana,10,2020
3180000,465000,0.15,39525,Montana,11,2020
5570000,595000,0.11,50575,Montana,12,2020
5140000,487000,0.09,41395,Montana,01,2021
3870000,312000,0.08,26520,Montana,02,2021
4410000,652000,0.15,55420,Montana,03,2021
3200000,500000,0.16,42500,Montana,04,2021
4000000,500000,0.12,42500,Montana,05,2021
3700000,400000,0.11,34000,Montana,06,2021
2630000,450000,0.17,38250,Montana,07,2021
3350000,475000,0.14,40375,Montana,08,2021
3020000,560000,0.19,47600,Montana,09,2021
4400000,568000,0.13,48280,Montana,10,2021
4530000,879000,0.19,74715,Montana,11,2021
4920000,643000,0.13,54655,Montana,12,2021
5117000,670000,0.13,56950,Montana,01,2022
3632000,706000,0.19,60010,Montana,02,2022
3982000,672000,0.17,57120,Montana,03,2022
3243000,389000,0.12,33065,Montana,04,2022
3237000,382000,0.12,32470,Montana,05,2022
2912000,275000,0.09,23375,Montana,06,2022
2560000,274000,0.11,23290,Montana,07,2022
2975100,440591,0.15,37450,Montana,08,2022
4940321,975542,0.2,82921,Montana,09,2022
5319627,681222,0.13,57903,Montana,10,2022
286548295,20173000,0.07,1361678,Nevada,06,2018
244638554,4061000,0.02,274118,Nevada,07,2018
247622790,12604000,0.05,850770,Nevada,08,2018
571034483,56304000,0.1,3800520,Nevada,09,2018
528568873,29547000,0.06,1994423,Nevada,10,2018
581070664,27136000,0.05,1831680,Nevada,11,2018
561859873,44106000,0.08,2977155,Nevada,12,2018
497482993,14626000,0.03,987255,Nevada,01,2019
458591549,35816000,0.08,2417580,Nevada,02,2019
596752294,32523000,0.05,2195303,Nevada,03,2019
328121212,21656000,0.07,1461780,Nevada,04,2019
317380282,11267000,0.04,760523,Nevada,05,2019
322077670,16587000,0.05,1119623,Nevada,06,2019
235659955,10534000,0.04,711045,Nevada,07,2019
287757296,18733000,0.07,1264478,Nevada,08,2019
546358867,52068000,0.1,3514590,Nevada,09,2019
543552781,47887000,0.09,3232373,Nevada,10,2019
614118812,31013000,0.05,2093378,Nevada,11,2019
571179245,36327000,0.06,2452073,Nevada,12,2019
502543641,20152000,0.04,1360260,Nevada,01,2020
489105725,38064000,0.08,2569320,Nevada,02,2020
141108201,1455000,0.01,98213,Nevada,03,2020
28131868,1334500,0.05,9079,Nevada,04,2020
28131868,1334500,0.05,9079,Nevada,05,2020
78152387,-483000,-0.01,0,Nevada,06,2020
165552030,6295000,0.04,424913,Nevada,07,2020
474948414,16985000,0.04,1146488,Nevada,08,2020
575144025,32895000,0.06,2220413,Nevada,09,2020
659899331,42388000,0.06,2861190,Nevada,10,2020
609376849,61807000,0.1,4171973,Nevada,11,2020
588486999,41113000,0.07,2775128,Nevada,12,2020
646491632,52381000,0.08,3535718,Nevada,01,2021
554058173,31846000,0.06,2149605,Nevada,02,2021
640984932,39346000,0.06,2655855,Nevada,03,2021
454734387,27240000,0.06,1838700,Nevada,04,2021
477191062,27079000,0.06,1827833,Nevada,05,2021
544806558,29186000,0.05,1970055,Nevada,06,2021
409659756,33278000,0.08,2246265,Nevada,07,2021
427425369,14342000,0.03,968085,Nevada,08,2021
786508562,54205000,0.07,3658838,Nevada,09,2021
1100712575,48312000,0.04,3261060,Nevada,10,2021
1086010454,71971000,0.07,4858043,Nevada,11,2021
1104986618,15960000,0.01,1077300,Nevada,12,2021
1109329327,49997000,0.05,3374798,Nevada,01,2022
780768853,30920000,0.04,2087100,Nevada,02,2022
863283921,36926000,0.04,2492505,Nevada,03,2022
582529725,25368000,0.04,1712340,Nevada,04,2022
562000848,26999000,0.05,1822433,Nevada,05,2022
490558644,23835000,0.05,1608863,Nevada,06,2022
419383793,16221000,0.04,1094918,Nevada,07,2022
408874948,16069000,0.04,1084658,Nevada,08,2022
760891578,70629000,0.09,4767458,Nevada,09,2022
920931244,56859000,0.06,3837983,Nevada,10,2022
360726,44759,0.12,19403,New Hampshire,12,2019
16834974,1643793,0.1,713311,New Hampshire,01,2020
22130928,1359395,0.06,613679,New Hampshire,02,2020
8768769,818605,0.09,394229,New Hampshire,03,2020
3774668,262393,0.07,126090,New Hampshire,04,2020
7180450,424947,0.06,187743,New Hampshire,05,2020
8138772,691103,0.08,313156,New Hampshire,06,2020
11623208,1268688,0.11,602156,New Hampshire,07,2020
27496050,1367516,0.05,607910,New Hampshire,08,2020
41373620,2290364,0.06,990885,New Hampshire,09,2020
47055486,4203875,0.09,2001597,New Hampshire,10,2020
46523447,4770459,0.1,2323843,New Hampshire,11,2020
51649897,4537653,0.09,2137406,New Hampshire,12,2020
59795433,4197029,0.07,1866506,New Hampshire,01,2021
50995349,1787930,0.04,768387,New Hampshire,02,2021
55800096,4254732,0.08,1925260,New Hampshire,03,2021
46700713,3302340,0.07,1480847,New Hampshire,04,2021
42367381,3115230,0.07,1433622,New Hampshire,05,2021
39268179,3869773,0.1,1797118,New Hampshire,06,2021
36724165,3062545,0.08,1468578,New Hampshire,07,2021
36319740,1594235,0.04,723016,New Hampshire,08,2021
68123241,4420924,0.06,1887442,New Hampshire,09,2021
98191306,5409197,0.06,2560651,New Hampshire,10,2021
83168812,6172586,0.07,2926241,New Hampshire,11,2021
86449528,2645934,0.03,1143356,New Hampshire,12,2021
99540825,8029427,0.08,3875782,New Hampshire,01,2022
70866282,1019097,0.01,458353,New Hampshire,02,2022
78811441,5283248,0.07,2506864,New Hampshire,03,2022
73149079,3436446,0.05,1514431,New Hampshire,04,2022
76199157,5720931,0.08,2637598,New Hampshire,05,2022
53567757,4819197,0.09,2216742,New Hampshire,06,2022
42653152,4476145,0.1,2115043,New Hampshire,07,2022
43372008,4199240,0.1,1927109,New Hampshire,08,2022
78237751,7358206,0.09,3249389,New Hampshire,09,2022
91345018,9078684,0.1,4482596,New Hampshire,10,2022
16409619,3458668,0.21,337077,New Jersey,06,2018
40682237,3845880,0.09,377015,New Jersey,07,2018
95634048,9198272,0.1,1038073,New Jersey,08,2018
183948404,23775366,0.13,2883517,New Jersey,09,2018
260711301,11686119,0.04,1536282,New Jersey,10,2018
330748563,21243865,0.06,2730521,New Jersey,11,2018
319173548,20814222,0.07,2695290,New Jersey,12,2018
385279662,18777582,0.05,2532619,New Jersey,01,2019
320368087,12732740,0.04,1817553,New Jersey,02,2019
372451342,31669387,0.09,4180051,New Jersey,03,2019
313719562,21215747,0.07,2817206,New Jersey,04,2019
318940677,15536384,0.05,2135704,New Jersey,05,2019
273222975,9701925,0.04,1258541,New Jersey,06,2019
251371272,17884790,0.07,2367745,New Jersey,07,2019
293594862,25210342,0.09,3327589,New Jersey,08,2019
445563503,37883375,0.09,5017875,New Jersey,09,2019
487924504,46393537,0.1,5662148,New Jersey,10,2019
562675543,32895546,0.06,4460461,New Jersey,11,2019
557786161,29424884,0.05,4016635,New Jersey,12,2019
540113452,53561626,0.1,7328175,New Jersey,01,2020
494813807,17000928,0.03,2377923,New Jersey,02,2020
181908529,13181101,0.07,1732276,New Jersey,03,2020
54593092,2634050,0.05,356726,New Jersey,04,2020
117821281,9912062,0.08,1303244,New Jersey,05,2020
165014553,12639282,0.08,1652950,New Jersey,06,2020
315118805,29551987,0.09,3671891,New Jersey,07,2020
667979150,39507181,0.06,4919340,New Jersey,08,2020
748588349,45083178,0.06,5604501,New Jersey,09,2020
803096172,58508647,0.07,7440873,New Jersey,10,2020
931620415,50554535,0.05,6233822,New Jersey,11,2020
996300794,66386516,0.07,8269676,New Jersey,12,2020
958717526,82640979,0.09,10362389,New Jersey,01,2021
742953328,46213864,0.06,5800343,New Jersey,02,2021
859617961,60755472,0.07,7746512,New Jersey,03,2021
747986522,54839217,0.07,6789849,New Jersey,04,2021
814270654,52895430,0.06,6775113,New Jersey,05,2021
766888420,71267544,0.09,8732765,New Jersey,06,2021
578729290,54966257,0.09,4331299,New Jersey,07,2021
664675859,52023081,0.08,6678542,New Jersey,08,2021
1011114311,82440420,0.08,10172247,New Jersey,09,2021
1303198342,84152035,0.06,10583756,New Jersey,10,2021
1258189436,114788726,0.09,14595181,New Jersey,11,2021
1229561891,59047673,0.05,7482614,New Jersey,12,2021
1348860083,60195902,0.04,8019106,New Jersey,01,2022
985568313,30873369,0.03,4292710,New Jersey,02,2022
1120904954,66404370,0.06,8238237,New Jersey,03,2022
926946780,50345808,0.05,6425923,New Jersey,04,2022
766412352,61594016,0.08,7998017,New Jersey,05,2022
633184861,39245213,0.06,4913338,New Jersey,06,2022
531888333,45007343,0.08,5824135,New Jersey,07,2022
546774394,65272385,0.12,8322147,New Jersey,08,2022
866719412,97981122,0.11,12126902,New Jersey,09,2022
1060154535,77907041,0.07,9879163,New Jersey,10,2022
1101622966,80426931,0.07,10491899,New Jersey,11,2022
1365470,349468,0.26,34947,New York,07,2019
4647958,828152,0.18,82815,New York,08,2019
13060944,2283865,0.17,228387,New York,09,2019
14852615,2233227,0.15,223323,New York,10,2019
17161294,1308296,0.08,130830,New York,11,2019
16872506,780418,0.05,78042,New York,12,2019
17169303,1943361,0.11,194336,New York,01,2020
12872999,-179593,-0.01,0,New York,02,2020
4186276,99514,0.02,9951,New York,03,2020
10092604,1403543,0.14,140354,New York,09,2020
18107259,2623464,0.14,262346,New York,10,2020
17096321,2619676,0.15,261968,New York,11,2020
18584384,2258771,0.12,225877,New York,12,2020
20942309,3569855,0.17,356986,New York,01,2021
14018760,1153276,0.08,115328,New York,02,2021
16529015,1845685,0.11,184569,New York,03,2021
13537156,1322623,0.1,132262,New York,04,2021
14145742,1590114,0.11,159011,New York,05,2021
14239819,1858642,0.13,185864,New York,06,2021
9338107,1273621,0.14,127362,New York,07,2021
9153602,1080571,0.12,108057,New York,08,2021
17355782,3187045,0.18,318705,New York,09,2021
25567296,1718614,0.07,171861,New York,10,2021
21519094,3956490,0.18,395649,New York,11,2021
21129981,764614,0.04,76461,New York,12,2021
1686263898,123130126,0.07,63209984,New York,01,2022
1534078894,81424598,0.05,41625972,New York,02,2022
1644789692,114956204,0.07,58351264,New York,03,2022
1396791941,104535898,0.07,53151656,New York,04,2022
1269862570,110418075,0.09,53859457,New York,05,2022
1056694012,72441500,0.07,36936704,New York,06,2022
804966381,73880416,0.09,37449745,New York,07,2022
877407454,100760793,0.11,50912978,New York,08,2022
1265553630,145039867,0.11,73270471,New York,09,2022
1555051007,146845938,0.09,74403029,New York,10,2022
1564144673,149244901,0.1,75695441,New York,11,2022
5605244,220396,0.04,112401,Oregon,10,2019
17115416,960714,0.06,489964,Oregon,11,2019
22551453,1743231,0.08,889047,Oregon,12,2019
21151604,1773757,0.08,904616,Oregon,01,2020
20899825,1481197,0.07,755410,Oregon,02,2020
9007680,937750,0.1,478252,Oregon,03,2020
4430648,392767,0.09,200311,Oregon,04,2020
7290190,598061,0.08,305011,Oregon,05,2020
7921864,777903,0.1,396730,Oregon,06,2020
14042425,1003037,0.07,511548,Oregon,07,2020
25845403,1662406,0.06,847827,Oregon,08,2020
26174303,1527243,0.06,778893,Oregon,09,2020
29455228,2751147,0.09,1403084,Oregon,10,2020
25039884,4116314,0.16,2099320,Oregon,11,2020
26987303,3050785,0.11,1555900,Oregon,12,2020
34935891,3872604,0.11,1975028,Oregon,01,2021
29600150,2684777,0.09,1369236,Oregon,02,2021
24054960,1374377,0.06,700932,Oregon,03,2021
25323061,2729277,0.11,1391931,Oregon,04,2021
27780213,2350290,0.08,1198647,Oregon,05,2021
24903118,2841767,0.11,1449301,Oregon,06,2021
18189572,2173572,0.12,1108521,Oregon,07,2021
17686198,1063135,0.06,542198,Oregon,08,2021
25070339,1259744,0.05,642469,Oregon,09,2021
37639041,3022298,0.08,1541371,Oregon,10,2021
32673216,4428658,0.14,2258615,Oregon,11,2021
33743754,2597503,0.08,1324726,Oregon,12,2021
42899735,2389280,0.06,1218532,Oregon,01,2022
39458431,3335165,0.08,1700934,Oregon,02,2022
36208011,3620610,0.1,1846511,Oregon,03,2022
42936415,3824165,0.09,1950324,Oregon,04,2022
41708884,5034036,0.12,2567358,Oregon,05,2022
33966896,2548192,0.08,1299577,Oregon,06,2022
28453075,2700447,0.09,1377227,Oregon,07,2022
28196193,2707041,0.1,1380590,Oregon,08,2022
39292037,5465182,0.14,2787242,Oregon,09,2022
55555464,5783452,0.1,2949560,Oregon,10,2022
1414587,508997,0.36,183239,Pennsylvania,11,2018
16173090,2007592,0.12,722733,Pennsylvania,12,2018
32011839,2607215,0.08,938597,Pennsylvania,01,2019
31500742,1946817,0.06,700854,Pennsylvania,02,2019
44527575,5519340,0.12,1986962,Pennsylvania,03,2019
36769145,4221482,0.11,1519734,Pennsylvania,04,2019
35934215,2861852,0.08,1030267,Pennsylvania,05,2019
46334244,3126380,0.07,740455,Pennsylvania,06,2019
59331959,5079633,0.09,1026769,Pennsylvania,07,2019
109038051,9887738,0.09,2201406,Pennsylvania,08,2019
194504622,19334816,0.1,5359994,Pennsylvania,09,2019
241186066,19116777,0.08,5381370,Pennsylvania,10,2019
316468264,20570772,0.07,5299447,Pennsylvania,11,2019
342560389,17459091,0.05,4094813,Pennsylvania,12,2019
348381708,31580803,0.09,8222829,Pennsylvania,01,2020
329765782,11432097,0.03,1700011,Pennsylvania,02,2020
131330059,8606120,0.07,2480132,Pennsylvania,03,2020
46015988,3202680,0.07,1038050,Pennsylvania,04,2020
77510033,5918697,0.08,1738436,Pennsylvania,05,2020
89002562,7959790,0.09,2397657,Pennsylvania,06,2020
164782229,13651865,0.08,2933093,Pennsylvania,07,2020
364985422,27593677,0.08,6578668,Pennsylvania,08,2020
462787392,18277566,0.04,2257158,Pennsylvania,09,2020
525802524,47834647,0.09,13239694,Pennsylvania,10,2020
491910713,48500443,0.1,13446089,Pennsylvania,11,2020
548590065,45344348,0.08,12261434,Pennsylvania,12,2020
615294827,49305268,0.08,12229343,Pennsylvania,01,2021
509547820,33171120,0.07,5896731,Pennsylvania,02,2021
560259181,41029269,0.07,10566844,Pennsylvania,03,2021
479411021,36033727,0.08,9466734,Pennsylvania,04,2021
447465027,37419313,0.08,9988735,Pennsylvania,05,2021
420193377,42495332,0.1,12321187,Pennsylvania,06,2021
304415503,27482519,0.09,7148225,Pennsylvania,07,2021
348520369,25315958,0.07,6482608,Pennsylvania,08,2021
578760746,48113670,0.08,10171365,Pennsylvania,09,2021
776277954,42282405,0.05,8471813,Pennsylvania,10,2021
761574597,84921693,0.11,22922758,Pennsylvania,11,2021
750388696,37953474,0.05,6774396,Pennsylvania,12,2021
793722787,53403655,0.07,11581176,Pennsylvania,01,2022
597064049,22160553,0.04,-159425,Pennsylvania,02,2022
714976578,48512264,0.07,10944209,Pennsylvania,03,2022
572817741,49083331,0.09,12120141,Pennsylvania,04,2022
493350519,47828553,0.1,12603546,Pennsylvania,05,2022
393494222,22889554,0.06,4597039,Pennsylvania,06,2022
336507932,33226517,0.1,9160020,Pennsylvania,07,2022
363046972,42185145,0.12,12223188,Pennsylvania,08,2022
645242681,75319093,0.12,18078109,Pennsylvania,09,2022
797124732,61519576,0.08,14585047,Pennsylvania,10,2022
789230672,69997949,0.09,19037133,Pennsylvania,11,2022
682714,72997,0.11,37228,Rhode Island,11,2018
13087999,957913,0.07,488536,Rhode Island,12,2018
19051125,159978,0.01,81589,Rhode Island,01,2019
20686618,-890623,-0.04,-454218,Rhode Island,02,2019
23582716,1548230,0.07,789597,Rhode Island,03,2019
16859818,1970110,0.12,1004756,Rhode Island,04,2019
18900152,899165,0.05,458574,Rhode Island,05,2019
14736667,2149999,0.15,1096499,Rhode Island,06,2019
8321947,827579,0.1,422065,Rhode Island,07,2019
10060066,851788,0.08,434412,Rhode Island,08,2019
22195789,2516059,0.11,1283190,Rhode Island,09,2019
28281024,2457136,0.09,1253139,Rhode Island,10,2019
31465062,2745518,0.09,1400214,Rhode Island,11,2019
31670511,2571755,0.08,1311595,Rhode Island,12,2019
26939692,3279241,0.12,1672413,Rhode Island,01,2020
28147862,2323432,0.08,1184950,Rhode Island,02,2020
8949157,841767,0.09,429301,Rhode Island,03,2020
591377,27381,0.05,13964,Rhode Island,04,2020
1533114,163472,0.11,83371,Rhode Island,05,2020
2032803,101328,0.05,51677,Rhode Island,06,2020
6738626,351425,0.05,179227,Rhode Island,07,2020
23116965,1423391,0.06,725929,Rhode Island,08,2020
31293150,2352788,0.08,1199922,Rhode Island,09,2020
34704413,4388841,0.13,2238309,Rhode Island,10,2020
35098445,6281321,0.18,3203474,Rhode Island,11,2020
22770472,2533090,0.11,1291876,Rhode Island,12,2020
39817327,3717200,0.09,1895772,Rhode Island,01,2021
34110104,1555824,0.05,793470,Rhode Island,02,2021
38583919,3976140,0.1,2027831,Rhode Island,03,2021
29040966,3168532,0.11,1615951,Rhode Island,04,2021
28252139,2772910,0.1,1414184,Rhode Island,05,2021
29468571,3666029,0.12,1869675,Rhode Island,06,2021
22095960,3263276,0.15,1664271,Rhode Island,07,2021
24042834,1129859,0.05,576228,Rhode Island,08,2021
41203997,4012295,0.1,2046270,Rhode Island,09,2021
60158844,3608570,0.06,1840371,Rhode Island,10,2021
52747831,6703144,0.13,3418603,Rhode Island,11,2021
54935498,1777717,0.03,906636,Rhode Island,12,2021
58614487,5228277,0.09,2666421,Rhode Island,01,2022
42143261,3566393,0.08,1818860,Rhode Island,02,2022
45766958,3738223,0.08,1906494,Rhode Island,03,2022
40186632,2632134,0.07,1342388,Rhode Island,04,2022
41103489,2336733,0.06,1191734,Rhode Island,05,2022
34229823,2352896,0.07,1199977,Rhode Island,06,2022
25208531,2872076,0.11,1464759,Rhode Island,07,2022
27744694,3000241,0.11,1530215,Rhode Island,08,2022
41670257,6361823,0.15,3244530,Rhode Island,09,2022
443365,71320,0.16,6419,South Dakota,09,2021
815037,98037,0.12,8823,South Dakota,10,2021
717775,74919,0.1,6743,South Dakota,11,2021
675312,10306,0.02,928,South Dakota,12,2021
835252,82291,0.1,7406,South Dakota,01,2022
685631,71807,0.1,6463,South Dakota,02,2022
975347,32389,0.03,2915,South Dakota,03,2022
368517,-13735,-0.04,-1236,South Dakota,04,2022
307995,25102,0.08,2259,South Dakota,05,2022
301217,27869,0.09,2508,South Dakota,06,2022
259180,16143,0.06,1453,South Dakota,07,2022
266673,59053,0.22,5315,South Dakota,08,2022
711577,211612,0.3,19045,South Dakota,09,2022
862170,131749,0.15,11857,South Dakota,10,2022
131444523,13244908,0.1,2363918,Tennessee,11,2020
180900000,13900000,0.08,3080000,Tennessee,12,2020
211300000,20900000,0.1,4300000,Tennessee,01,2021
176300000,13000000,0.07,2600000,Tennessee,02,2021
205900000,18000000,0.09,3200000,Tennessee,03,2021
172400000,15500000,0.09,2800000,Tennessee,04,2021
160900000,15400000,0.1,2700000,Tennessee,05,2021
174500000,18300000,0.1,3200000,Tennessee,06,2021
144500000,15100000,0.1,2600000,Tennessee,07,2021
144500000,13200000,0.09,2000000,Tennessee,08,2021
257300000,25600000,0.1,3300000,Tennessee,09,2021
375300000,23300000,0.06,3400000,Tennessee,10,2021
365700000,36900000,0.1,5900000,Tennessee,11,2021
341800000,24600000,0.07,3300000,Tennessee,12,2021
386059756,36249453,0.09,5817504,Tennessee,01,2022
313298305,20945018,0.07,3026574,Tennessee,02,2022
370230004,26520468,0.07,4550242,Tennessee,03,2022
292796670,27142800,0.09,4649129,Tennessee,04,2022
261582468,27315928,0.1,4766458,Tennessee,05,2022
215774186,15855649,0.07,2559649,Tennessee,06,2022
182769323,18174226,0.1,3668804,Tennessee,07,2022
205863860,27200883,0.13,4875847,Tennessee,08,2022
336933437,46285200,0.14,8716963,Tennessee,09,2022
405337575,37295159,0.09,6989818,Tennessee,10,2022
439456908,47248222,0.11,9030021,Tennessee,11,2022
58896564,3586077,0.06,39710,Virginia,01,2021
265778306,12238780,0.05,300594,Virginia,02,2021
304066245,26573877,0.09,1183488,Virginia,03,2021
236432524,19442317,0.08,1652147,Virginia,04,2021
226963573,23173549,0.1,2381116,Virginia,05,2021
234943435,22006296,0.09,2273995,Virginia,06,2021
161901955,19965556,0.12,1864433,Virginia,07,2021
182418252,17967427,0.1,1378540,Virginia,08,2021
293851531,30929243,0.11,1557498,Virginia,09,2021
427320306,30160385,0.07,1746204,Virginia,10,2021
402621132,48337037,0.12,4233167,Virginia,11,2021
426596891,31515015,0.07,1729130,Virginia,12,2021
485544417,39050067,0.08,2876609,Virginia,01,2022
401889135,27498133,0.07,1406280,Virginia,02,2022
469484017,33700016,0.07,2116289,Virginia,03,2022
399478366,36275264,0.09,3040327,Virginia,04,2022
351452931,42537524,0.12,3896270,Virginia,05,2022
295235271,25965182,0.09,1871961,Virginia,06,2022
266001583,26024408,0.1,3060304,Virginia,07,2022
284671331,31442959,0.11,4474132,Virginia,08,2022
411273323,53821382,0.13,7257403,Virginia,09,2022
528029938,51164199,0.1,6956643,Virginia,10,2022
9723,-240,-0.02,-24,Washington DC,05,2020
223730,36985,0.17,3698,Washington DC,06,2020
741500,142280,0.19,14228,Washington DC,07,2020
1830,1740,0.95,174,Washington DC,07,2020
2132032,278141,0.13,27814,Washington DC,08,2020
9130410,1425275,0.16,142527,Washington DC,08,2020
3269118,498896,0.15,49889,Washington DC,09,2020
12186042,1305403,0.11,130540,Washington DC,09,2020
4177245,822101,0.2,82210,Washington DC,10,2020
14358602,2717768,0.19,271776,Washington DC,10,2020
3896127,882678,0.23,88267,Washington DC,11,2020
13704407,2728522,0.2,272852,Washington DC,11,2020
4278714,807216,0.19,80721,Washington DC,12,2020
12418281,1901436,0.15,190143,Washington DC,12,2020
5179670,913384,0.18,91338,Washington DC,01,2021
10566498,1892108,0.18,189210,Washington DC,01,2021
4158464,600305,0.14,60030,Washington DC,02,2021
11144615,732714,0.07,73271,Washington DC,02,2021
3844359,715244,0.19,71524,Washington DC,03,2021
11430856,1151790,0.1,115179,Washington DC,03,2021
2741912,535772,0.2,53577,Washington DC,04,2021
8005025,1551468,0.19,155146,Washington DC,04,2021
3097780,637422,0.21,63742,Washington DC,05,2021
10674631,1370669,0.13,137066,Washington DC,05,2021
3440931,517990,0.15,51799,Washington DC,06,2021
16077477,1673496,0.1,167349,Washington DC,06,2021
2152023,432726,0.2,43272,Washington DC,07,2021
10656217,1369022,0.13,136902,Washington DC,07,2021
1618545,306645,0.19,30664,Washington DC,08,2021
10826767,1186256,0.11,118625,Washington DC,08,2021
3681889,595995,0.16,59599,Washington DC,09,2021
17024584,3287679,0.19,328767,Washington DC,09,2021
5547153,632572,0.11,63257,Washington DC,10,2021
20785075,938089,0.05,93808,Washington DC,10,2021
5244959,1076000,0.21,107600,Washington DC,11,2021
16174495,3358922,0.21,335892,Washington DC,11,2021
4967239,665718,0.13,66571,Washington DC,12,2021
14252988,732988,0.05,73298,Washington DC,12,2021
5734401,952918,0.17,95291,Washington DC,01,2022
12893388,1009337,0.08,100933,Washington DC,01,2022
3912179,440409,0.11,44040,Washington DC,02,2022
15160677,300133,0.02,30013,Washington DC,02,2022
6224512,511800,0.08,51180,Washington DC,03,2022
14208207,854196,0.06,85419,Washington DC,03,2022
5181360,602646,0.12,60264,Washington DC,04,2022
13198544,828629,0.06,82862,Washington DC,04,2022
5036290,724452,0.14,72445,Washington DC,05,2022
12197849,1292257,0.11,129225,Washington DC,05,2022
3768947,444635,0.12,44463,Washington DC,06,2022
9991807,556009,0.06,55600,Washington DC,06,2022
3279752,457617,0.14,45761,Washington DC,07,2022
8066426,708593,0.09,70859,Washington DC,07,2022
3438929,557987,0.16,55798,Washington DC,08,2022
9708716,1274698,0.13,127469,Washington DC,08,2022
5547153,632572,0.11,63257,Washington DC,09,2022
13407835,2490450,0.19,249045,Washington DC,09,2022
7528701,838108,0.11,83810,Washington DC,10,2022
17272799,2273610,0.13,227361,Washington DC,10,2022
7322255,2129235,0.29,212924,West Virginia,09,2018
9735874,1010246,0.1,101025,West Virginia,10,2018
16045602,1161375,0.07,116138,West Virginia,11,2018
13322131,2247152,0.17,224715,West Virginia,12,2018
22431187,1746233,0.08,174623,West Virginia,01,2019
16609597,171089,0.01,17109,West Virginia,02,2019
13850999,1597521,0.12,159752,West Virginia,03,2019
10334722,554880,0.05,55488,West Virginia,04,2019
10704030,937065,0.09,93707,West Virginia,05,2019
7634979,379228,0.05,37923,West Virginia,06,2019
5851318,682213,0.12,68221,West Virginia,07,2019
12656911,1549585,0.12,154959,West Virginia,08,2019
25620078,3755760,0.15,375576,West Virginia,09,2019
37022626,3156830,0.09,315683,West Virginia,10,2019
32968353,2289056,0.07,228906,West Virginia,11,2019
30342334,2322915,0.08,232292,West Virginia,12,2019
44253798,3651273,0.08,365127,West Virginia,01,2020
39618767,-626470,-0.02,-62647,West Virginia,02,2020
14705300,1101454,0.07,110145,West Virginia,03,2020
2965302,155058,0.05,15506,West Virginia,04,2020
4971928,541188,0.11,54119,West Virginia,05,2020
6338618,567836,0.09,56784,West Virginia,06,2020
15853463,1573845,0.1,157385,West Virginia,07,2020
45897001,2337229,0.05,233723,West Virginia,08,2020
76951429,4603811,0.06,460381,West Virginia,09,2020
44633016,3742779,0.08,374278,West Virginia,10,2020
48532442,4407576,0.09,440758,West Virginia,11,2020
70134202,6466132,0.09,646613,West Virginia,12,2020
50700483,3976358,0.08,397636,West Virginia,01,2021
38212775,1364161,0.04,115954,West Virginia,02,2021
42751230,3889447,0.09,330603,West Virginia,03,2021
34449520,2844020,0.08,241742,West Virginia,04,2021
25484663,2688065,0.11,228485,West Virginia,05,2021
29923766,3466223,0.12,294629,West Virginia,06,2021
21290275,2295743,0.11,195138,West Virginia,07,2021
22350089,1993383,0.09,169438,West Virginia,08,2021
60072261,7141066,0.12,606991,West Virginia,09,2021
77760542,3876503,0.05,329503,West Virginia,10,2021
84259419,7107970,0.08,604177,West Virginia,11,2021
57274811,4144869,0.07,352314,West Virginia,12,2021
58894228,4098138,0.07,348342,West Virginia,01,2022
49271583,1954999,0.04,166175,West Virginia,02,2022
61482860,3336284,0.05,283584,West Virginia,03,2022
35864019,3081491,0.09,261927,West Virginia,04,2022
44647405,4191753,0.09,356299,West Virginia,05,2022
25937683,1623405,0.06,137989,West Virginia,06,2022
25017812,2616578,0.1,222409,West Virginia,07,2022
23099016,2899582,0.13,246464,West Virginia,08,2022
57759738,8100361,0.14,688531,West Virginia,09,2022
51118726,5064385,0.1,430473,West Virginia,10,2022
82543044,6120467,0.07,520240,West Virginia,11,2022
6242469,954416,0.15,-12398,Wyoming,09,2021
10847657,881200,0.08,16021,Wyoming,10,2021
10973008,1363696,0.12,86499,Wyoming,11,2021
12285012,813504,0.07,21792,Wyoming,12,2021
13977632,1098460,0.08,46565,Wyoming,01,2022
10301603,722631,0.07,18824,Wyoming,02,2022
12704938,1101236,0.09,44806,Wyoming,03,2022
9995920,1007796,0.1,51187,Wyoming,04,2022
9340833,1011714,0.11,53163,Wyoming,05,2022
7322852,673269,0.09,38036,Wyoming,06,2022
7246352,680740,0.09,38365,Wyoming,07,2022
10990904,1237815,0.11,85672,Wyoming,08,2022
13575173,1932519,0.14,115500,Wyoming,09,2022
17275317,2039620,0.12,115893,Wyoming,10,2022
